Student Name,Student Code,Student Category,User ID,Admission date,GR SR No.,Admission Type,Current Class,Section,Date of Birth,Student Age,Gender,Contact No.,Aadhar No.,PAN No.,APAAR ID,Address,City,State,Country,Father Name,Father Number,Mother Name,Mother Number,Account Holder Name,Account Number,Bank Name,IFSC Code,Sponsorship Type,Is Needy,Is Under RTE
Aarav Mohammed Shaikh,STU-2024-001,General,USR-101,15-06-2024,GR-1001,Regular,1,A,12-04-2018,6,Male,9820123451,451234567890,ABCPS1234F,APAAR-881234,"12, Relief Road, Lal Darwaja",Ahmedabad,Gujarat,India,Mohammed Ilyas Shaikh,9820123451,Fatima Shaikh,9820123452,Aarav Mohammed Shaikh,50100234567891,HDFC Bank,HDFC0001234,ZAKAT,Yes,No
Zainab Patel,STU-2024-002,OBC,USR-102,15-06-2024,GR-1002,Regular,1,A,25-08-2018,6,Female,9820123453,451234567891,BCDPS2345G,APAAR-881235,"45, Sarkhej Road",Ahmedabad,Gujarat,India,Farooq Patel,9820123453,Amina Patel,9820123454,Zainab Patel,50100234567892,ICICI Bank,ICIC0002345,LILLAH,Yes,Yes
Yusuf Khan,STU-2024-003,General,USR-103,16-06-2024,GR-1003,Regular,1,A,10-02-2018,6,Male,9820123455,451234567892,CDEPS3456H,APAAR-881236,"88, Juhapura Main Road",Ahmedabad,Gujarat,India,Tariq Khan,9820123455,Saira Khan,9820123456,Yusuf Khan,50100234567893,State Bank of India,SBIN0003456,ZAKAT,Yes,No
Ananya Sharma,STU-2024-004,General,USR-104,16-06-2024,GR-1004,Regular,1,B,18-05-2018,6,Female,9820123457,451234567893,DEFPS4567I,APAAR-881237,"102, Navrangpura",Ahmedabad,Gujarat,India,Rajesh Sharma,9820123457,Sunita Sharma,9820123458,Ananya Sharma,50100234567894,Axis Bank,UTIB0004567,GENERAL,No,No
Bilal Qureshi,STU-2024-005,OBC,USR-105,17-06-2024,GR-1005,Regular,1,B,05-11-2018,6,Male,9820123459,451234567894,EFGPS5678J,APAAR-881238,"24, Kalupur Circle",Ahmedabad,Gujarat,India,Rashid Qureshi,9820123459,Zareena Qureshi,9820123460,Bilal Qureshi,50100234567895,Bank of Baroda,BARB0KALUPU,LILLAH,Yes,No
Mariam Siddiqui,STU-2024-006,General,USR-106,17-06-2024,GR-1006,Regular,1,B,30-09-2018,6,Female,9820123461,451234567895,FGHPS6789K,APAAR-881239,"56, Jamalpur Darwaja",Ahmedabad,Gujarat,India,Asif Siddiqui,9820123461,Naseem Siddiqui,9820123462,Mariam Siddiqui,50100234567896,Kotak Mahindra Bank,KKBK0005678,ZAKAT,Yes,Yes
Kabir Verma,STU-2024-007,SC,USR-107,18-06-2024,GR-1007,RTE Quota,1,A,14-03-2018,6,Male,9820123463,451234567896,GHIPS7890L,APAAR-881240,"78, Maninagar East",Ahmedabad,Gujarat,India,Vikram Verma,9820123463,Pooja Verma,9820123464,Kabir Verma,50100234567897,Punjab National Bank,PUNB0006789,GENERAL,Yes,Yes
Hamza Ansari,STU-2024-008,OBC,USR-108,18-06-2024,GR-1008,Regular,1,A,22-07-2018,6,Male,9820123465,451234567897,HIJPS8901M,APAAR-881241,"90, Dariapur Tower",Ahmedabad,Gujarat,India,Shabbir Ansari,9820123465,Rukhsar Ansari,9820123466,Hamza Ansari,50100234567898,Union Bank of India,UBIN0007890,ZAKAT,Yes,No
Ayesha Chhipa,STU-2024-009,General,USR-109,19-06-2024,GR-1009,Regular,1,B,08-01-2018,6,Female,9820123467,451234567898,IJKPS9012N,APAAR-881242,"15, Shahpur Mill Compound",Ahmedabad,Gujarat,India,Ibrahim Chhipa,9820123467,Shabana Chhipa,9820123468,Ayesha Chhipa,50100234567899,Canara Bank,CNRB0008901,LILLAH,Yes,No
Devansh Mehta,STU-2024-010,General,USR-110,19-06-2024,GR-1010,Regular,1,A,19-06-2018,6,Male,9820123469,451234567899,JKLPS0123O,APAAR-881243,"33, Satellite Road",Ahmedabad,Gujarat,India,Amit Mehta,9820123469,Bhavna Mehta,9820123470,Devansh Mehta,50100234567800,IndusInd Bank,INDB0009012,GENERAL,No,No
